source_group,observation_year,biomass_gt_carbon
Liu et al.,1990,548.1
Liu et al.,2000,546.3
Liu et al.,2010,545
DGVM,1990,536.66041719
DGVM,2000,545.938968662
DGVM,2010,552.648533374
Pan et al.,1990,366.5
Pan et al.,2000,361
Pan et al.,2010,362.6
FRA2010,1990,299.2
FRA2010,2000,293.8
FRA2010,2010,288.8
FAOstat,2010,297.67877
FAOstat,2012,297.09624
Liu et al.,2012,545.4
DGVM,2012,554.411770391
