"Column","a","b","c","d"
CAZy:AA0,54.54545455,33.33333333,60,50
CAZy:AA2,54.54545455,16.66666667,40,40
CAZy:CBM13,45.45454545,66.66666667,70,70
CAZy:CBM48,72.72727273,66.66666667,40,70
CAZy:GH13_8,72.72727273,58.33333333,40,50
CAZy:GH132,72.72727273,50,40,60
CAZy:GH76,36.36363636,33.33333333,50,50
CAZy:GT1,45.45454545,50,40,50
CAZy:GT2,45.45454545,41.66666667,40,60
CAZy:GT49,36.36363636,33.33333333,30,50