Protein(IDR-SOX2),Transcription-level-repeat1,Transcription-level-repeat2,Transcription-level-repeat3,Transcription-level-repeat4,Transcription-level-repeat5,Transcription-level-repeat6
Ctrl,0.798167,0.866422,0.901506,1.174066,1.259839
MED15-SOX2(DBD),58.2795,57.42748,52.28087,47.4942,49.43486,51.00486
FUS-SOX2(DBD),13.39386,12.59821,15.9524,19.46161,16.94156
TAF15(IDR1)-SOX2(DBD),6.814015,8.992329,9.151508,8.84298,9.844873
CPEB2-SOX2(DBD),8.094637,7.913519,7.078475,5.833973,6.791668
NUP98-SOX2(DBD),2.995957,3.525949,3.722113,4.325957,3.680609,4.504924
RBM14-SOX2(DBD),2.690727,3.613869,4.145778,4.055208
SMARCA2-SOX2(DBD),2.968868,2.667703,2.343157,1.821934,1.698639
TAF15(IDR2)-SOX2(DBD),1.626553,1.836935,1.750182,1.891405,2.855405
DDX4-SOX2(DBD),1.951918,1.759534,1.692891,1.432127,1.502708
TDP43-SOX2(DBD),1.67063,2.624757,0.979098,0.780012,1.035572,1.789033
MED1-SOX2(DBD),0.904251,1.298832,1.563749,1.494604
hnRNPH1-SOX2(DBD),0.949557,0.910771,1.950783,0.87226,1.001514,1.027654
BRD4-SOX2(DBD),0.861743,1.057948,0.970008,0.896466,1.148377
PRCC-SOX2(DBD),1.141397,1.031168,0.979498,0.894447,0.889447,0.956471
HES4-SOX2(DBD),0.624067,0.539822,0.688108,0.775339,0.979281
hnRNPA1-SOX2(DBD),0.785528,0.52312,0.685279,0.576038,0.595204,0.658769
TIA1-SOX2(DBD),0.493064,0.488872,0.514134,0.624761
hnRNPDL-SOX2(DBD),0.572466,0.383755,0.381053,0.491438,0.360807,0.391872
hnRNPA3-SOX2(DBD),0.344826,0.474013,0.364348,0.441932
FMRP-SOX2(DBD),0.424353,0.476883,0.37534,0.327552,0.39524
hnRNPA2-SOX2(DBD),0.399308,0.325944,0.349767,0.30945,0.329606,0.335754
hnRNPD-SOX2(DBD),0.309804,0.273965,0.300809,0.270528,0.279458
hnRNPK-SOX2(DBD),0.181264,0.210153,0.252034,0.263009,0.237764,0.497193
hnRNPAB-SOX2(DBD),0.232822,0.197754,0.21728,0.184245,0.196006,0.187833
BRD9-SOX2(DBD),0.207197,0.204968,0.184783,0.186152,0.187224,0.180914
MLLT1-SOX2(DBD),0.145135,0.127551,0.283863,0.14279,0.109327,0.121616
SFPQ-SOX2(DBD),0.146243,0.086542,0.098487,0.109125,0.117974,0.124881
