Group_A,n_A,Median_A,Group_B,n_B,Median_B,U_statistic,p_value,Significance
SRSF1-wt with POLII,10,0.6082005,SRSF1-5StoD with POLII,7,0.369117,60,0.01357466063348416,*
SRSF1-wt with POLII,10,0.6082005,SRSF1-10StoD with POLII,6,0.3212815,60,0.0002497502497502498,***
SRSF1-wt with POLII,10,0.6082005,SRSF1-20StoD with POLII,7,0.355921,69,0.0002056766762649116,***
SRSF1-5StoD with POLII,7,0.369117,SRSF1-10StoD with POLII,6,0.3212815,25,0.6282051282051282,ns
SRSF1-5StoD with POLII,7,0.369117,SRSF1-20StoD with POLII,7,0.355921,29,0.6200466200466201,ns
SRSF1-10StoD with POLII,6,0.3212815,SRSF1-20StoD with POLII,7,0.355921,17,0.6282051282051282,ns
