Group_A,n_A,Median_A,Group_B,n_B,Median_B,U_statistic,p_value,Significance
SRSF1-wt with POLII,9,0.820626,SRSF1-5StoD with POLII,9,0.387643,81,0.0004122948020616913,***
SRSF1-wt with POLII,9,0.820626,SRSF1-10StoD with POLII,9,0.276923,81,0.0004122948020616913,***
SRSF1-wt with POLII,9,0.820626,SRSF1-20StoD with POLII,9,-0.12816,81,0.0004122948020616913,***
SRSF1-5StoD with POLII,9,0.387643,SRSF1-10StoD with POLII,9,0.276923,81,0.0004122948020616913,***
SRSF1-5StoD with POLII,9,0.387643,SRSF1-20StoD with POLII,9,-0.12816,81,0.0004122948020616913,***
SRSF1-10StoD with POLII,9,0.276923,SRSF1-20StoD with POLII,9,-0.12816,81,0.0004122948020616913,***
