Group_A,n_A,Median_A,Group_B,n_B,Median_B,U_statistic,p_value,Significance
0 Min,9,0.813391,20 Min,16,0.369654,144,5.168133545416808e-05,***
0 Min,9,0.813391,40 Min,16,0.25521,144,5.168133545416808e-05,***
0 Min,9,0.813391,60 Min,15,0.201114,135,6.466473568940599e-05,***
20 Min,16,0.369654,40 Min,16,0.25521,214,0.001271204238546618,**
20 Min,16,0.369654,60 Min,15,0.201114,217,0.000136460358355753,***
40 Min,16,0.25521,60 Min,15,0.201114,202,0.001274901520597012,**
